document_type,slug
DocumentCollection,chickenpox-public-health-management-and-guidance
DocumentCollection,civil-legal-aid-application-forms
DocumentCollection,cryptosporidiosis-guidance-data-and-analysis
DocumentCollection,dairy-producer-organisations-guidance
DocumentCollection,electromagnetic-fields
DocumentCollection,environmental-permit-application-forms-to-surrender-a-permit
DocumentCollection,flood-risk-management-plans-frmps
DocumentCollection,import-and-export-common-agricultural-policy-cap-goods
DocumentCollection,local-fishing-byelaws
DocumentCollection,maritime-and-coastguard-agency-mca-marine-safety-alerts
DocumentCollection,payroll-publications-for-employers
DocumentCollection,river-wear-fish-counts
DocumentCollection,sexually-transmitted-infections-stis-surveillance-data-screening-and-management
DocumentCollection,the-school-milk-subsidy-scheme-guidance
DocumentCollection,waste-exemptions-disposing-of-waste
Speech,alex-chisholm-speaks-about-public-interest-and-competition-based-merger-control
Speech,cma-how-we-intend-to-use-market-investigations-to-extend-the-frontiers-of-competition
Speech,david-currie-speaks-about-the-cma-and-infrastructure-investment
Publication,cf1a-counsel-claim-form
Publication,civ-app3-application-for-legal-aid-in-family-proceedings
Publication,civ-app6-legal-aid-emergency-application
Publication,civ-app8-application-for-amendmentprior-authority-civil
Publication,commercial-fishing-vessel-licence-application-form
Publication,crm1-collect-client-details-in-legal-aid-cases
Publication,crm12-duty-solicitor-application-when-moving-firm
Publication,cw1-financial-eligibility-for-legal-aid-clients
Publication,legal-aid-representative-nomination-form--2
Publication,preview-lf3a-apply-for-a-litigator-fee-final-claim-where-an-interim-fee-has-been-paid
NewsArticle,response-to-sunday-times-article-on-value-of-homes-in-areas-of-shale-extraction
Publication,appeals-crime-high-cost-cases
Publication,floods-how-to-clean-up-your-home-safely
Publication,how-market-studies-are-conducted
Publication,how-to-classify-trade-marks
Publication,trade-marks-rectification
Publication,pupil-absence-in-schools-in-england-2012-to-2013
Publication,pupil-absence-in-schools-in-england-autumn-term-2013
NewsArticle,civil-news-client-and-cost-management-system-update
NewsArticle,civil-news-local-travel-claims-from-1-september-2014
NewsArticle,civil-news-remember-to-put-email-addresses-on-claims
NewsArticle,civil-news-training-for-new-bolt-on-fee-arrangements
NewsArticle,the-state-of-charity
NewsArticle,new-details-on-cap-implementation-announced
NewsArticle,nine-convicted-of-multi-million-pound-pyramid-promotional-scheme
Publication,grade-composition-and-selectivity-of-haddock-in-ices-vii-b-k
Publication,public-trust-and-confidence-in-charities-rs28
Publication,designs-statutory-instruments
WorldLocationNewsArticle,new-uk-visa-application-centre-in-colombia