Document ID,Path
169069,/government/consultations/atol-call-for-evidence
168303,/government/consultations/call-for-evidence-on-the-impact-of-rid-and-adr-2013-amendments
5416,/government/consultations/call-for-evidence-on-the-production-of-an-appraisal-tool-for-local-speed-limits
202512,/government/consultations/measures-to-support-uptake-of-ultra-low-emission-vehicles-from-2015-to-2020
444687,/government/consultations/roads-policing-review-future-methods-to-improve-safety-and-reduce-causalities
308936,/government/consultations/carriage-of-dangerous-goods-regulations-2015-adr-and-rid-updates
527903,/government/consultations/proposed-instrument-to-regulate-traffic-on-m20-motorway-call-for-views
472406,/government/consultations/changes-to-the-uk-operator-licensing-regime-and-arrangements-for-the-temporary-posting-of-workers-in-the-uk-and-eu-request-for-evidence
5381,/government/consultations/call-for-evidence-nats-government-share-ownership
379249,/government/consultations/cycling-and-walking-investment-strategy-cwis-safety-review
518824,/government/consultations/2040-zero-emissions-airport-target
501197,/government/consultations/exemptions-to-2035-phase-out-date-for-the-sale-of-new-non-zero-emission-hgvs-26-tonnes-and-under
371306,/government/consultations/reforming-the-heavy-goods-vehicle-road-user-levy
403897,/government/consultations/williams-rail-review
526655,/government/consultations/review-of-the-public-service-vehicles-accessibility-regulations-2000
524843,/government/consultations/heavy-vehicle-testing-review-call-for-evidence